{"cameraMode":{"drawMode":0,"name":"Shaded","section":"Shading Mode"},"sceneLighting":true,"audioPlay":false,"sceneViewState":{"showFog":false,"showMaterialUpdate":false,"showSkybox":false,"showFlares":false,"showImageEffects":false,"showParticleSystems":false},"in2DMode":false,"pivot":{"x":3.8968505859375,"y":1.36669921875,"z":-4.3935546875},"rotation":{"x":-0.26943328976631167,"y":0.5216633677482605,"z":-0.17801019549369813,"w":-0.7897149920463562},"size":9.954667091369629,"orthographic":true}